post_id,user_id,post_type,followers,likes,shares,comments,engagement_rate,post_date,best_posting_time,sentiment,virality_index,ctr,hashtags_used,campaign_name,post_duration,engagement_category
1,fashionista,Carousel,1243000,2142,371,342,22.98,2023-01-01,6PM,Negative,0.13,3.66,travel_gamerlife,Art_Festival,N/A,Medium
2,techguru,Reels,892000,3267,566,522,48.85,2023-01-01,12PM,Neutral,0.13,4.67,beauty_music,Winter_Sale,46s,High
3,beauty_guru,Static,1102000,987,171,157,11.95,2023-01-01,9PM,Negative,0.13,3.71,music_tech,Fitness_Challenge,N/A,Low
4,foodlover,Static,876000,824,142,131,12.55,2023-01-01,9PM,Positive,0.13,4.43,fashion_gamerlife,Winter_Sale,N/A,Low
5,travelbug,Reels,1324000,3918,679,627,39.47,2023-01-01,6AM,Neutral,0.13,2.48,gamerlife_fitness,Art_Festival,15s,High
6,gamer,Carousel,654000,1100,190,176,22.44,2023-01-01,12PM,Positive,0.13,2.62,travel_beauty,Art_Festival,N/A,Medium
7,lifestyle,Static,943000,963,167,154,13.63,2023-01-01,12PM,Positive,0.13,1.1,fitness_fashion,Taste_Week,N/A,Low
8,musician,Static,782000,685,118,109,11.7,2023-01-01,9PM,Negative,0.13,4.49,foodie_gamerlife,Art_Festival,N/A,Low
9,artist,Static,567000,564,97,90,13.28,2023-01-01,12PM,Positive,0.13,1.27,beauty_fitness,Art_Festival,N/A,Low
10,fitnessfan,Carousel,834000,1417,245,226,22.66,2023-01-01,9PM,Neutral,0.13,4.96,gamerlife_music,Art_Festival,N/A,Medium
11,fashionista,Static,1243318,1206,209,192,12.94,2023-01-02,12PM,Negative,0.13,3.13,foodie_travel,Fitness_Challenge,N/A,Low
12,techguru,Static,892098,909,157,145,13.61,2023-01-02,6PM,Positive,0.13,2.63,music_beauty,Winter_Sale,N/A,Low
13,beauty_guru,Carousel,1102162,1972,341,315,23.87,2023-01-02,9PM,Neutral,0.13,2.95,foodie_music,Launch_Promo,N/A,Medium
14,foodlover,Static,876184,742,128,118,11.31,2023-01-02,12PM,Positive,0.13,4.79,music_fashion,Art_Festival,N/A,Low
15,travelbug,Static,1324206,1238,214,198,12.47,2023-01-02,6PM,Negative,0.13,1.83,art_fashion,Art_Festival,N/A,Low
16,gamer,Reels,654165,2289,396,366,46.66,2023-01-02,6PM,Negative,0.13,4.24,fitness_tech,Art_Festival,54s,High
17,lifestyle,Reels,943193,2899,502,463,40.99,2023-01-02,9PM,Negative,0.13,3.41,foodie_beauty,Taste_Week,35s,High
18,musician,Reels,782081,2369,410,379,40.4,2023-01-02,6PM,Positive,0.13,1.64,fitness_travel,Art_Festival,24s,High
19,artist,Reels,567060,1692,293,270,39.79,2023-01-02,6AM,Positive,0.13,4.87,travel_beauty,Winter_Sale,40s,High
20,fitnessfan,Reels,834162,2423,420,387,38.74,2023-01-02,6AM,Neutral,0.13,3.55,music_beauty,Winter_Sale,14s,High
21,fashionista,Static,1243494,1050,182,168,11.27,2023-01-03,6AM,Positive,0.13,2.84,travel_beauty,Fitness_Challenge,N/A,Low
22,techguru,Carousel,892354,1335,231,213,19.95,2023-01-03,9PM,Negative,0.13,2.79,tech_beauty,Taste_Week,N/A,Low
23,beauty_guru,Carousel,1102346,1698,294,271,20.54,2023-01-03,12PM,Positive,0.13,4.61,music_fashion,Art_Festival,N/A,Medium
24,foodlover,Static,876414,896,155,143,13.64,2023-01-03,12PM,Positive,0.13,4.81,music_gamerlife,Fitness_Challenge,N/A,Low
25,travelbug,Static,1324591,1113,192,178,11.21,2023-01-03,6PM,Neutral,0.13,4.79,art_travel,Winter_Sale,N/A,Low
26,gamer,Carousel,654293,1109,192,177,22.61,2023-01-03,9PM,Neutral,0.13,1.05,travel_music,Art_Festival,N/A,Medium
27,lifestyle,Static,943324,794,137,127,11.23,2023-01-03,6AM,Neutral,0.13,4.82,art_gamerlife,Fitness_Challenge,N/A,Low
28,musician,Static,782184,783,135,125,13.36,2023-01-03,9PM,Neutral,0.13,1.56,music_tech,Art_Festival,N/A,Low
29,artist,Carousel,567193,997,172,159,23.45,2023-01-03,6PM,Neutral,0.13,1.86,art_beauty,Winter_Sale,N/A,Medium
30,fitnessfan,Reels,834257,2535,439,405,40.52,2023-01-03,6AM,Neutral,0.13,1.22,foodie_fitness,Art_Festival,59s,High
31,fashionista,Reels,1243764,4410,764,705,47.28,2023-01-04,12PM,Neutral,0.13,1.12,beauty_gamerlife,Launch_Promo,18s,High
32,techguru,Carousel,892532,1326,229,212,19.81,2023-01-04,9PM,Negative,0.13,4.25,tech_music,Fitness_Challenge,N/A,Low
33,beauty_guru,Static,1102542,1137,197,181,13.76,2023-01-04,9PM,Neutral,0.13,3.04,fitness_gamerlife,Taste_Week,N/A,Low
34,foodlover,Carousel,876595,1436,248,229,21.85,2023-01-04,9PM,Negative,0.13,4.92,foodie_travel,Fitness_Challenge,N/A,Medium
35,travelbug,Static,1324958,1124,194,179,11.31,2023-01-04,6PM,Neutral,0.13,4.96,fitness_gamerlife,Art_Festival,N/A,Low
36,gamer,Reels,654407,2329,403,372,47.47,2023-01-04,6PM,Negative,0.13,1.65,art_foodie,Fitness_Challenge,20s,High
37,lifestyle,Static,943487,950,164,152,13.44,2023-01-04,6AM,Neutral,0.13,1.78,beauty_foodie,Art_Festival,N/A,Low
38,musician,Reels,782355,2403,416,384,40.97,2023-01-04,12PM,Neutral,0.13,4.86,art_foodie,Taste_Week,8s,High
39,artist,Carousel,567354,1047,181,167,24.62,2023-01-04,9PM,Negative,0.13,2.5,fitness_gamerlife,Launch_Promo,N/A,Medium
40,fitnessfan,Static,834342,869,150,139,13.9,2023-01-04,6PM,Positive,0.13,1.3,fitness_tech,Fitness_Challenge,N/A,Low
41,fashionista,Carousel,1244063,2088,361,334,22.38,2023-01-05,9PM,Neutral,0.13,2.91,art_fashion,Launch_Promo,N/A,Medium
42,techguru,Static,892771,759,131,121,11.35,2023-01-05,12PM,Negative,0.13,3.18,fashion_tech,Launch_Promo,N/A,Low
43,beauty_guru,Carousel,1102820,1966,340,314,23.78,2023-01-05,9PM,Positive,0.13,3.54,travel_foodie,Winter_Sale,N/A,Medium
44,foodlover,Reels,876808,3143,544,502,47.81,2023-01-05,6AM,Negative,0.13,4.48,art_gamerlife,Art_Festival,18s,High
45,travelbug,Reels,1325338,4800,832,768,48.3,2023-01-05,9PM,Positive,0.13,4.07,art_foodie,Art_Festival,6s,High
46,gamer,Reels,654602,2364,409,378,48.17,2023-01-05,12PM,Positive,0.13,3.13,tech_music,Taste_Week,43s,High
47,lifestyle,Reels,943620,3339,578,534,47.2,2023-01-05,6PM,Positive,0.13,4.88,gamerlife_beauty,Taste_Week,46s,High
48,musician,Reels,782530,2360,409,377,40.22,2023-01-05,6AM,Positive,0.13,3.44,music_tech,Taste_Week,24s,High
49,artist,Static,567503,510,88,81,12.0,2023-01-05,12PM,Neutral,0.13,1.57,fitness_beauty,Fitness_Challenge,N/A,Low
50,fitnessfan,Reels,834503,2872,497,459,45.9,2023-01-05,9PM,Negative,0.13,4.51,gamerlife_foodie,Winter_Sale,41s,High
51,fashionista,Static,1244195,1153,199,184,12.36,2023-01-06,9PM,Neutral,0.13,1.79,tech_beauty,Taste_Week,N/A,Low
52,techguru,Static,893005,771,133,123,11.51,2023-01-06,6PM,Negative,0.13,3.28,art_foodie,Art_Festival,N/A,Low
53,beauty_guru,Static,1103080,1027,178,164,12.42,2023-01-06,12PM,Neutral,0.13,2.27,music_foodie,Winter_Sale,N/A,Low
54,foodlover,Carousel,876948,1428,247,228,21.72,2023-01-06,12PM,Negative,0.13,3.3,fashion_music,Fitness_Challenge,N/A,Medium
55,travelbug,Carousel,1325693,2152,373,344,21.66,2023-01-06,9PM,Negative,0.13,1.14,foodie_beauty,Taste_Week,N/A,Medium
56,gamer,Reels,654671,2109,365,337,42.98,2023-01-06,6AM,Neutral,0.13,2.67,beauty_fitness,Fitness_Challenge,52s,High
57,lifestyle,Reels,943846,2994,519,479,42.32,2023-01-06,12PM,Neutral,0.13,4.5,tech_fitness,Taste_Week,57s,High
58,musician,Static,782656,789,136,126,13.46,2023-01-06,12PM,Positive,0.13,1.62,beauty_art,Taste_Week,N/A,Low
59,artist,Static,567596,519,90,83,12.22,2023-01-06,9PM,Negative,0.13,3.49,travel_beauty,Fitness_Challenge,N/A,Low
60,fitnessfan,Reels,834634,2872,497,459,45.89,2023-01-06,6AM,Positive,0.13,4.55,fashion_fitness,Art_Festival,56s,High
61,fashionista,Reels,1244482,4001,693,640,42.87,2023-01-07,6PM,Neutral,0.13,1.28,foodie_beauty,Launch_Promo,36s,High
62,techguru,Static,893204,753,130,120,11.24,2023-01-07,6AM,Negative,0.13,2.74,travel_music,Art_Festival,N/A,Low
63,beauty_guru,Carousel,1103395,2031,352,324,24.54,2023-01-07,12PM,Negative,0.13,4.44,foodie_gamerlife,Art_Festival,N/A,Medium
64,foodlover,Static,877050,764,132,122,11.62,2023-01-07,6AM,Positive,0.13,4.71,tech_foodie,Launch_Promo,N/A,Low
65,travelbug,Reels,1325866,4565,791,730,45.91,2023-01-07,6AM,Negative,0.13,4.4,tech_fitness,Art_Festival,21s,High
66,gamer,Carousel,654865,1082,187,173,22.04,2023-01-07,6PM,Positive,0.13,1.51,foodie_fitness,Launch_Promo,N/A,Medium
67,lifestyle,Static,943950,927,160,148,13.1,2023-01-07,6PM,Positive,0.13,4.72,foodie_fitness,Fitness_Challenge,N/A,Low
68,musician,Reels,782863,2365,410,378,40.29,2023-01-07,12PM,Neutral,0.13,3.73,travel_beauty,Fitness_Challenge,38s,High
69,artist,Carousel,567685,881,152,141,20.71,2023-01-07,12PM,Positive,0.13,4.07,fitness_foodie,Winter_Sale,N/A,Medium
70,fitnessfan,Static,834778,819,141,131,13.09,2023-01-07,6PM,Positive,0.13,3.35,art_fashion,Art_Festival,N/A,Low
71,fashionista,Static,1244733,1060,183,169,11.36,2023-01-08,12PM,Neutral,0.13,4.4,fitness_beauty,Taste_Week,N/A,Low
72,techguru,Static,893352,907,157,145,13.56,2023-01-08,9PM,Neutral,0.13,2.49,travel_art,Fitness_Challenge,N/A,Low
73,beauty_guru,Carousel,1103687,1811,313,289,21.89,2023-01-08,6PM,Neutral,0.13,3.21,tech_gamerlife,Taste_Week,N/A,Medium
74,foodlover,Carousel,877151,1474,255,235,22.42,2023-01-08,6AM,Positive,0.13,2.29,fitness_travel,Taste_Week,N/A,Medium
75,travelbug,Static,1326235,1360,235,217,13.68,2023-01-08,6AM,Positive,0.13,2.85,beauty_art,Taste_Week,N/A,Low
76,gamer,Carousel,655017,1000,173,160,20.37,2023-01-08,6AM,Positive,0.13,2.28,beauty_foodie,Taste_Week,N/A,Medium
77,lifestyle,Reels,944105,2771,480,443,39.15,2023-01-08,9PM,Negative,0.13,2.65,fashion_fitness,Fitness_Challenge,43s,High
78,musician,Static,782974,728,126,116,12.41,2023-01-08,12PM,Neutral,0.13,3.38,beauty_music,Winter_Sale,N/A,Low
79,artist,Static,567844,516,89,82,12.15,2023-01-08,6PM,Neutral,0.13,4.04,beauty_travel,Winter_Sale,N/A,Low
80,fitnessfan,Carousel,834908,1383,239,221,22.09,2023-01-08,12PM,Negative,0.13,2.26,travel_beauty,Fitness_Challenge,N/A,Medium
81,fashionista,Reels,1244888,3873,671,619,41.48,2023-01-09,6PM,Neutral,0.13,1.51,music_fashion,Art_Festival,39s,High
82,techguru,Static,893462,803,139,128,11.99,2023-01-09,12PM,Neutral,0.13,2.14,fashion_fitness,Taste_Week,N/A,Low
83,beauty_guru,Reels,1104008,3814,661,610,46.08,2023-01-09,12PM,Positive,0.13,2.0,foodie_gamerlife,Winter_Sale,53s,High
84,foodlover,Carousel,877267,1640,284,262,24.94,2023-01-09,12PM,Positive,0.13,1.01,travel_fitness,Launch_Promo,N/A,Medium
85,travelbug,Reels,1326573,3948,684,631,39.68,2023-01-09,6AM,Neutral,0.13,3.05,travel_fashion,Art_Festival,47s,High
86,gamer,Reels,655168,2225,385,356,45.29,2023-01-09,9PM,Negative,0.13,3.56,fitness_tech,Taste_Week,24s,High
87,lifestyle,Reels,944336,2813,487,450,39.73,2023-01-09,9PM,Negative,0.13,1.81,music_art,Fitness_Challenge,57s,High
88,musician,Reels,783132,2368,410,378,40.33,2023-01-09,6PM,Negative,0.13,1.21,beauty_fitness,Winter_Sale,39s,High
89,artist,Static,567912,501,86,80,11.79,2023-01-09,6PM,Positive,0.13,3.58,gamerlife_fashion,Winter_Sale,N/A,Low
90,fitnessfan,Reels,835081,2592,449,414,41.4,2023-01-09,6PM,Negative,0.13,3.52,foodie_gamerlife,Winter_Sale,55s,High
91,fashionista,Reels,1245058,4021,697,643,43.07,2023-01-10,12PM,Positive,0.13,4.24,tech_gamerlife,Taste_Week,50s,High
92,techguru,Static,893600,808,140,129,12.07,2023-01-10,6PM,Positive,0.13,4.35,music_foodie,Art_Festival,N/A,Low
93,beauty_guru,Static,1104317,1102,191,176,13.31,2023-01-10,12PM,Neutral,0.13,3.16,travel_gamerlife,Winter_Sale,N/A,Low
94,foodlover,Carousel,877463,1317,228,210,20.03,2023-01-10,12PM,Neutral,0.13,2.78,travel_music,Art_Festival,N/A,Medium
95,travelbug,Reels,1326941,4671,809,747,46.94,2023-01-10,12PM,Negative,0.13,4.51,fashion_fitness,Art_Festival,55s,High
96,gamer,Carousel,655254,1182,205,189,24.07,2023-01-10,6PM,Negative,0.13,3.8,music_fashion,Launch_Promo,N/A,Medium
97,lifestyle,Static,944499,879,152,140,12.42,2023-01-10,6PM,Positive,0.13,3.65,travel_fitness,Fitness_Challenge,N/A,Low
98,musician,Reels,783346,2752,477,440,46.86,2023-01-10,9PM,Neutral,0.13,2.49,fitness_foodie,Taste_Week,43s,High
99,artist,Carousel,568076,816,141,130,19.18,2023-01-10,9PM,Neutral,0.13,2.13,music_foodie,Taste_Week,N/A,Low
100,fitnessfan,Static,835266,780,135,124,12.46,2023-01-10,12PM,Positive,0.13,2.05,gamerlife_art,Winter_Sale,N/A,Low
101,fashionista,Reels,1245405,4066,704,650,43.54,2023-01-11,6AM,Negative,0.13,1.13,art_fitness,Fitness_Challenge,44s,High
102,techguru,Reels,893789,2734,473,437,40.79,2023-01-11,9PM,Positive,0.13,2.33,gamerlife_tech,Winter_Sale,57s,High
103,beauty_guru,Reels,1104517,3196,554,511,38.59,2023-01-11,6AM,Negative,0.13,3.02,fitness_beauty,Fitness_Challenge,11s,High
104,foodlover,Reels,877667,3058,530,489,46.48,2023-01-11,6PM,Positive,0.13,3.4,gamerlife_beauty,Winter_Sale,54s,High
105,travelbug,Carousel,1327288,2274,394,363,22.85,2023-01-11,9PM,Neutral,0.13,3.8,fashion_music,Launch_Promo,N/A,Medium
106,gamer,Carousel,655431,1172,203,187,23.86,2023-01-11,6PM,Positive,0.13,1.99,beauty_music,Winter_Sale,N/A,Medium
107,lifestyle,Static,944737,785,136,125,11.09,2023-01-11,12PM,Positive,0.13,2.69,fitness_fashion,Winter_Sale,N/A,Low
108,musician,Carousel,783469,1391,241,222,23.69,2023-01-11,6PM,Negative,0.13,2.62,beauty_fitness,Fitness_Challenge,N/A,Medium
109,artist,Carousel,568211,836,144,133,19.63,2023-01-11,6AM,Positive,0.13,4.49,fitness_foodie,Fitness_Challenge,N/A,Low
110,fitnessfan,Carousel,835435,1433,248,229,22.88,2023-01-11,6PM,Negative,0.13,2.2,gamerlife_beauty,Launch_Promo,N/A,Medium
111,fashionista,Static,1245765,1067,184,170,11.43,2023-01-12,6AM,Negative,0.13,4.89,beauty_art,Taste_Week,N/A,Low
112,techguru,Static,893902,870,150,139,13.0,2023-01-12,6PM,Neutral,0.13,4.01,foodie_music,Fitness_Challenge,N/A,Low
113,beauty_guru,Static,1104675,935,162,149,11.3,2023-01-12,6PM,Positive,0.13,2.94,beauty_gamerlife,Taste_Week,N/A,Low
114,foodlover,Static,877842,905,156,144,13.76,2023-01-12,9PM,Positive,0.13,4.38,music_fashion,Fitness_Challenge,N/A,Low
115,travelbug,Reels,1327518,4241,735,678,42.6,2023-01-12,6PM,Positive,0.13,1.69,gamerlife_fitness,Fitness_Challenge,10s,High
116,gamer,Reels,655506,1878,325,300,38.21,2023-01-12,6AM,Positive,0.13,1.61,travel_music,Winter_Sale,32s,High
117,lifestyle,Reels,944899,2963,513,474,41.82,2023-01-12,12PM,Positive,0.13,3.77,music_foodie,Fitness_Challenge,17s,High
118,musician,Static,783599,763,132,122,12.99,2023-01-12,6AM,Neutral,0.13,2.01,beauty_art,Taste_Week,N/A,Low
119,artist,Static,568271,595,103,95,13.98,2023-01-12,9PM,Neutral,0.13,1.66,gamerlife_beauty,Winter_Sale,N/A,Low
120,fitnessfan,Static,835552,873,151,139,13.95,2023-01-12,9PM,Positive,0.13,4.39,fitness_travel,Fitness_Challenge,N/A,Low
121,fashionista,Static,1245944,1194,207,191,12.79,2023-01-13,6PM,Neutral,0.13,1.62,beauty_fashion,Winter_Sale,N/A,Low
122,techguru,Carousel,894080,1580,273,252,23.57,2023-01-13,6PM,Neutral,0.13,2.46,gamerlife_beauty,Launch_Promo,N/A,Medium
123,beauty_guru,Carousel,1104992,1608,278,257,19.41,2023-01-13,6AM,Positive,0.13,2.64,travel_foodie,Fitness_Challenge,N/A,Low
124,foodlover,Reels,877977,3132,542,501,47.56,2023-01-13,9PM,Neutral,0.13,1.6,gamerlife_fitness,Winter_Sale,12s,High
125,travelbug,Carousel,1327808,2261,391,361,22.71,2023-01-13,6AM,Positive,0.13,1.22,travel_art,Taste_Week,N/A,Medium
126,gamer,Static,655607,542,93,86,11.04,2023-01-13,9PM,Negative,0.13,3.15,fitness_gamerlife,Art_Festival,N/A,Low
127,lifestyle,Static,945076,893,154,142,12.61,2023-01-13,6PM,Negative,0.13,1.31,foodie_gamerlife,Fitness_Challenge,N/A,Low
128,musician,Carousel,783808,1308,226,209,22.26,2023-01-13,6PM,Neutral,0.13,2.79,fitness_music,Taste_Week,N/A,Medium
129,artist,Carousel,568374,1020,176,163,23.96,2023-01-13,9PM,Positive,0.13,3.31,tech_travel,Fitness_Challenge,N/A,Medium
130,fitnessfan,Carousel,835669,1423,246,227,22.72,2023-01-13,12PM,Neutral,0.13,2.21,foodie_fitness,Taste_Week,N/A,Medium
131,fashionista,Static,1246076,1245,215,199,13.33,2023-01-14,12PM,Positive,0.13,1.28,tech_beauty,Taste_Week,N/A,Low
132,techguru,Reels,894260,3240,561,518,48.32,2023-01-14,12PM,Neutral,0.13,1.81,music_gamerlife,Winter_Sale,5s,High
133,beauty_guru,Reels,1105273,3331,577,533,40.19,2023-01-14,12PM,Positive,0.13,3.26,beauty_tech,Art_Festival,49s,High
134,foodlover,Static,878136,813,140,130,12.36,2023-01-14,9PM,Positive,0.13,2.16,fashion_beauty,Winter_Sale,N/A,Low
135,travelbug,Carousel,1328149,2055,356,328,20.63,2023-01-14,6AM,Positive,0.13,3.67,fashion_tech,Launch_Promo,N/A,Medium
136,gamer,Carousel,655801,987,171,157,20.07,2023-01-14,6PM,Negative,0.13,4.71,art_gamerlife,Launch_Promo,N/A,Medium
137,lifestyle,Reels,945283,3041,527,486,42.9,2023-01-14,12PM,Neutral,0.13,2.27,gamerlife_music,Launch_Promo,29s,High
138,musician,Reels,783987,2823,489,451,48.03,2023-01-14,6AM,Neutral,0.13,4.7,gamerlife_beauty,Winter_Sale,32s,High
139,artist,Static,568538,498,86,79,11.69,2023-01-14,6PM,Negative,0.13,3.79,travel_foodie,Launch_Promo,N/A,Low
140,fitnessfan,Carousel,835803,1455,252,232,23.22,2023-01-14,6AM,Positive,0.13,3.97,beauty_fashion,Launch_Promo,N/A,Medium
141,fashionista,Static,1246394,1251,216,200,13.39,2023-01-15,6PM,Positive,0.13,1.64,music_art,Fitness_Challenge,N/A,Low
142,techguru,Static,894385,843,146,135,12.58,2023-01-15,6AM,Negative,0.13,3.63,foodie_beauty,Fitness_Challenge,N/A,Low
143,beauty_guru,Static,1105534,1032,179,165,12.46,2023-01-15,9PM,Positive,0.13,3.53,fitness_travel,Taste_Week,N/A,Low
144,foodlover,Carousel,878388,1323,229,211,20.09,2023-01-15,6PM,Neutral,0.13,1.59,beauty_music,Launch_Promo,N/A,Medium
145,travelbug,Static,1328407,1100,190,176,11.05,2023-01-15,9PM,Positive,0.13,1.81,fashion_travel,Taste_Week,N/A,Low
146,gamer,Reels,655868,2262,392,361,45.99,2023-01-15,6AM,Positive,0.13,2.75,art_travel,Launch_Promo,53s,High
147,lifestyle,Reels,945483,3067,531,490,43.26,2023-01-15,6AM,Negative,0.13,1.38,fashion_travel,Fitness_Challenge,11s,High
148,musician,Reels,784173,2620,454,419,44.57,2023-01-15,12PM,Neutral,0.13,2.2,fashion_foodie,Launch_Promo,44s,High
149,artist,Static,568644,474,82,75,11.13,2023-01-15,9PM,Positive,0.13,3.12,gamerlife_beauty,Winter_Sale,N/A,Low
150,fitnessfan,Reels,835912,2610,452,417,41.63,2023-01-15,9PM,Neutral,0.13,2.94,gamerlife_fashion,Launch_Promo,40s,High
151,fashionista,Static,1246552,1163,201,186,12.45,2023-01-16,6AM,Negative,0.13,1.52,beauty_travel,Launch_Promo,N/A,Low
152,techguru,Reels,894597,2778,481,444,41.4,2023-01-16,9PM,Negative,0.13,3.17,foodie_gamerlife,Art_Festival,45s,High
153,beauty_guru,Static,1105850,1065,184,170,12.85,2023-01-16,6AM,Positive,0.13,1.73,fashion_gamerlife,Fitness_Challenge,N/A,Low
154,foodlover,Reels,878560,3060,530,489,46.46,2023-01-16,9PM,Negative,0.13,3.51,music_travel,Fitness_Challenge,12s,High
155,travelbug,Reels,1328768,3864,669,618,38.79,2023-01-16,6AM,Negative,0.13,4.08,fashion_travel,Winter_Sale,50s,High
156,gamer,Carousel,655985,1062,184,169,21.6,2023-01-16,12PM,Positive,0.13,1.02,fitness_music,Launch_Promo,N/A,Medium
157,lifestyle,Static,945746,792,137,126,11.17,2023-01-16,12PM,Negative,0.13,3.32,fashion_beauty,Fitness_Challenge,N/A,Low
158,musician,Reels,784376,2553,442,408,43.42,2023-01-16,6AM,Neutral,0.13,1.56,beauty_music,Art_Festival,7s,High
159,artist,Static,568767,519,90,83,12.2,2023-01-16,6AM,Negative,0.13,2.45,foodie_tech,Art_Festival,N/A,Low
160,fitnessfan,Carousel,836100,1506,261,240,24.03,2023-01-16,6PM,Negative,0.13,4.28,beauty_art,Taste_Week,N/A,Medium
161,fashionista,Reels,1246831,4307,746,689,46.06,2023-01-17,9PM,Neutral,0.13,4.16,music_travel,Winter_Sale,16s,High
162,techguru,Carousel,894860,1522,263,243,22.69,2023-01-17,12PM,Neutral,0.13,2.76,tech_art,Art_Festival,N/A,Medium
163,beauty_guru,Carousel,1105982,1740,301,278,20.98,2023-01-17,12PM,Neutral,0.13,2.15,travel_tech,Art_Festival,N/A,Medium
164,foodlover,Static,878677,860,149,137,13.06,2023-01-17,6AM,Positive,0.13,1.64,beauty_art,Winter_Sale,N/A,Low
165,travelbug,Static,1329040,1294,224,207,12.99,2023-01-17,6AM,Positive,0.13,3.11,beauty_art,Taste_Week,N/A,Low
166,gamer,Static,656068,549,95,87,11.18,2023-01-17,12PM,Positive,0.13,3.11,gamerlife_tech,Winter_Sale,N/A,Low
167,lifestyle,Carousel,945879,1665,288,266,23.48,2023-01-17,6AM,Negative,0.13,2.5,art_gamerlife,Fitness_Challenge,N/A,Medium
168,musician,Reels,784469,2520,436,403,42.84,2023-01-17,6PM,Positive,0.13,4.24,travel_fitness,Taste_Week,15s,High
169,artist,Static,568924,596,103,95,13.99,2023-01-17,12PM,Positive,0.13,3.73,foodie_tech,Winter_Sale,N/A,Low
170,fitnessfan,Reels,836343,2556,443,409,40.77,2023-01-17,6AM,Neutral,0.13,2.67,tech_beauty,Fitness_Challenge,10s,High
171,fashionista,Reels,1247147,4554,789,728,48.7,2023-01-18,12PM,Neutral,0.13,2.97,beauty_travel,Art_Festival,34s,High
172,techguru,Static,895065,885,153,141,13.19,2023-01-18,9PM,Positive,0.13,4.35,beauty_fashion,Fitness_Challenge,N/A,Low
173,beauty_guru,Carousel,1106111,2064,357,330,24.88,2023-01-18,12PM,Neutral,0.13,3.04,beauty_art,Winter_Sale,N/A,Medium
174,foodlover,Carousel,878908,1575,273,252,23.89,2023-01-18,12PM,Neutral,0.13,3.0,music_travel,Fitness_Challenge,N/A,Medium
175,travelbug,Reels,1329394,4286,742,685,43.0,2023-01-18,12PM,Negative,0.13,4.76,art_music,Art_Festival,30s,High
176,gamer,Reels,656240,2043,354,326,41.52,2023-01-18,6PM,Positive,0.13,3.13,music_travel,Fitness_Challenge,15s,High
177,lifestyle,Carousel,945982,1532,265,245,21.6,2023-01-18,6PM,Positive,0.13,3.66,gamerlife_art,Winter_Sale,N/A,Medium
178,musician,Static,784620,795,137,127,13.53,2023-01-18,6PM,Positive,0.13,3.48,beauty_foodie,Launch_Promo,N/A,Low
179,artist,Reels,569067,1663,288,266,38.98,2023-01-18,6AM,Negative,0.13,2.92,foodie_travel,Launch_Promo,47s,High
180,fitnessfan,Static,836477,828,143,132,13.22,2023-01-18,6AM,Neutral,0.13,4.83,beauty_gamerlife,Winter_Sale,N/A,Low
181,fashionista,Reels,1247349,3969,688,635,42.44,2023-01-19,12PM,Negative,0.13,2.7,beauty_gamerlife,Launch_Promo,43s,High
182,techguru,Static,895189,922,159,147,13.75,2023-01-19,9PM,Positive,0.13,3.44,foodie_gamerlife,Taste_Week,N/A,Low
183,beauty_guru,Carousel,1106224,1690,293,270,20.38,2023-01-19,6PM,Neutral,0.13,2.19,beauty_music,Winter_Sale,N/A,Medium
184,foodlover,Static,879026,759,131,121,11.52,2023-01-19,9PM,Neutral,0.13,3.84,travel_foodie,Taste_Week,N/A,Low
185,travelbug,Carousel,1329660,2106,365,337,21.13,2023-01-19,6AM,Neutral,0.13,2.72,tech_art,Fitness_Challenge,N/A,Medium
186,gamer,Reels,656372,2011,348,321,40.87,2023-01-19,6AM,Positive,0.13,3.81,fashion_fitness,Taste_Week,47s,High
187,lifestyle,Static,946232,862,149,138,12.16,2023-01-19,6AM,Neutral,0.13,3.26,gamerlife_art,Taste_Week,N/A,Low
188,musician,Carousel,784771,1338,231,214,22.75,2023-01-19,12PM,Neutral,0.13,2.66,music_fitness,Taste_Week,N/A,Medium
189,artist,Reels,569159,1764,305,282,41.34,2023-01-19,6AM,Positive,0.13,3.56,beauty_tech,Launch_Promo,42s,High
190,fitnessfan,Carousel,836571,1432,248,229,22.83,2023-01-19,6AM,Negative,0.13,3.18,foodie_music,Taste_Week,N/A,Medium
191,fashionista,Reels,1247571,4071,705,651,43.52,2023-01-20,12PM,Positive,0.13,1.88,music_art,Taste_Week,29s,High
192,techguru,Static,895439,747,129,119,11.13,2023-01-20,9PM,Negative,0.13,1.75,beauty_foodie,Art_Festival,N/A,Low
193,beauty_guru,Reels,1106544,3643,631,582,43.91,2023-01-20,6AM,Positive,0.13,2.3,travel_gamerlife,Winter_Sale,43s,High
194,foodlover,Static,879229,766,132,122,11.64,2023-01-20,6PM,Neutral,0.13,2.68,foodie_music,Art_Festival,N/A,Low
195,travelbug,Static,1329895,1188,205,190,11.91,2023-01-20,6PM,Positive,0.13,4.81,travel_fashion,Art_Festival,N/A,Low
196,gamer,Carousel,656509,936,162,149,19.02,2023-01-20,9PM,Negative,0.13,3.43,music_fitness,Art_Festival,N/A,Low
197,lifestyle,Static,946343,872,151,139,12.29,2023-01-20,12PM,Negative,0.13,4.53,music_art,Launch_Promo,N/A,Low
198,musician,Static,784891,816,141,130,13.88,2023-01-20,6PM,Positive,0.13,2.44,tech_art,Taste_Week,N/A,Low
199,artist,Carousel,569223,846,146,135,19.85,2023-01-20,6AM,Neutral,0.13,1.94,music_foodie,Fitness_Challenge,N/A,Low
200,fitnessfan,Reels,836796,2472,428,395,39.41,2023-01-20,12PM,Positive,0.13,4.42,gamerlife_travel,Art_Festival,23s,High
201,fashionista,Reels,1247844,4430,767,708,47.35,2023-01-21,6AM,Positive,0.13,3.06,beauty_foodie,Taste_Week,33s,High
202,techguru,Static,895560,759,131,121,11.3,2023-01-21,6AM,Positive,0.13,3.93,fashion_tech,Taste_Week,N/A,Low
203,beauty_guru,Carousel,1106658,1621,281,259,19.54,2023-01-21,6AM,Negative,0.13,4.25,music_tech,Fitness_Challenge,N/A,Low
204,foodlover,Carousel,879362,1332,230,213,20.2,2023-01-21,12PM,Negative,0.13,3.92,gamerlife_travel,Winter_Sale,N/A,Medium
205,travelbug,Carousel,1330188,2330,403,372,23.36,2023-01-21,12PM,Negative,0.13,2.46,gamerlife_foodie,Winter_Sale,N/A,Medium
206,gamer,Reels,656610,1992,345,318,40.47,2023-01-21,9PM,Negative,0.13,3.91,foodie_art,Art_Festival,34s,High
207,lifestyle,Static,946608,930,161,148,13.11,2023-01-21,6PM,Positive,0.13,2.43,tech_foodie,Art_Festival,N/A,Low
208,musician,Static,784976,792,137,126,13.45,2023-01-21,6PM,Neutral,0.13,4.14,travel_fitness,Winter_Sale,N/A,Low
209,artist,Static,569340,532,92,85,12.47,2023-01-21,6PM,Positive,0.13,1.3,tech_music,Winter_Sale,N/A,Low
210,fitnessfan,Reels,836986,2760,478,441,43.99,2023-01-21,6AM,Neutral,0.13,1.49,tech_beauty,Launch_Promo,28s,High
211,fashionista,Static,1248170,1216,210,194,13.0,2023-01-22,6AM,Negative,0.13,4.0,foodie_travel,Launch_Promo,N/A,Low
212,techguru,Carousel,895682,1623,281,259,24.18,2023-01-22,12PM,Positive,0.13,1.92,travel_art,Fitness_Challenge,N/A,Medium
213,beauty_guru,Carousel,1106910,1653,286,264,19.93,2023-01-22,12PM,Positive,0.13,1.8,foodie_beauty,Fitness_Challenge,N/A,Low
214,foodlover,Reels,879488,3190,553,510,48.38,2023-01-22,9PM,Neutral,0.13,3.87,music_gamerlife,Launch_Promo,36s,High
215,travelbug,Carousel,1330398,1992,345,318,19.98,2023-01-22,6AM,Positive,0.13,2.63,tech_travel,Launch_Promo,N/A,Low
216,gamer,Reels,656708,2275,394,364,46.21,2023-01-22,6AM,Negative,0.13,3.03,fashion_foodie,Fitness_Challenge,5s,High
217,lifestyle,Carousel,946768,1538,266,246,21.67,2023-01-22,6PM,Positive,0.13,3.87,fitness_tech,Winter_Sale,N/A,Medium
218,musician,Carousel,785090,1257,217,201,21.36,2023-01-22,12PM,Positive,0.13,3.19,fashion_beauty,Winter_Sale,N/A,Medium
219,artist,Reels,569482,1878,325,300,44.0,2023-01-22,6PM,Negative,0.13,4.67,tech_fashion,Art_Festival,53s,High
220,fitnessfan,Reels,837121,2679,464,428,42.68,2023-01-22,12PM,Positive,0.13,2.23,gamerlife_fitness,Fitness_Challenge,38s,High
221,fashionista,Carousel,1248305,1922,333,307,20.53,2023-01-23,6PM,Negative,0.13,3.13,foodie_music,Winter_Sale,N/A,Medium
222,techguru,Static,895864,782,135,125,11.65,2023-01-23,9PM,Negative,0.13,1.67,fitness_travel,Taste_Week,N/A,Low
223,beauty_guru,Reels,1107224,3916,678,626,47.16,2023-01-23,6AM,Neutral,0.13,1.26,beauty_fitness,Winter_Sale,5s,High
224,foodlover,Carousel,879581,1512,262,242,22.94,2023-01-23,12PM,Neutral,0.13,3.55,beauty_tech,Fitness_Challenge,N/A,Medium
225,travelbug,Carousel,1330659,2303,399,368,23.08,2023-01-23,6PM,Neutral,0.13,1.87,foodie_music,Fitness_Challenge,N/A,Medium
226,gamer,Carousel,656903,1029,178,164,20.91,2023-01-23,12PM,Positive,0.13,4.49,music_beauty,Taste_Week,N/A,Medium
227,lifestyle,Static,946900,945,163,151,13.31,2023-01-23,12PM,Negative,0.13,2.22,tech_fitness,Art_Festival,N/A,Low
228,musician,Reels,785249,2355,408,376,39.99,2023-01-23,9PM,Neutral,0.13,2.55,fashion_foodie,Art_Festival,55s,High
229,artist,Carousel,569552,891,154,142,20.88,2023-01-23,6AM,Neutral,0.13,4.1,fashion_beauty,Taste_Week,N/A,Medium
230,fitnessfan,Reels,837371,2796,484,447,44.53,2023-01-23,6AM,Neutral,0.13,3.49,travel_beauty,Taste_Week,13s,High
231,fashionista,Carousel,1248538,2085,361,333,22.28,2023-01-24,6PM,Neutral,0.13,1.52,travel_music,Launch_Promo,N/A,Medium
232,techguru,Static,896019,810,140,129,12.05,2023-01-24,12PM,Neutral,0.13,3.81,music_fitness,Art_Festival,N/A,Low
233,beauty_guru,Static,1107492,1038,179,166,12.5,2023-01-24,6PM,Negative,0.13,2.22,travel_fashion,Taste_Week,N/A,Low
234,foodlover,Static,879779,846,146,135,12.83,2023-01-24,6AM,Positive,0.13,2.51,fitness_music,Art_Festival,N/A,Low
235,travelbug,Static,1330948,1377,238,220,13.8,2023-01-24,9PM,Negative,0.13,3.48,tech_gamerlife,Winter_Sale,N/A,Low
236,gamer,Static,657008,657,114,105,13.36,2023-01-24,6AM,Neutral,0.13,2.27,travel_tech,Launch_Promo,N/A,Low
237,lifestyle,Carousel,947122,1441,249,230,20.3,2023-01-24,6AM,Negative,0.13,3.42,fitness_music,Taste_Week,N/A,Medium
238,musician,Static,785456,656,113,105,11.14,2023-01-24,12PM,Neutral,0.13,2.42,beauty_music,Launch_Promo,N/A,Low
239,artist,Carousel,569652,1062,184,170,24.89,2023-01-24,6AM,Negative,0.13,4.48,tech_fitness,Launch_Promo,N/A,Medium
240,fitnessfan,Static,837527,727,126,116,11.59,2023-01-24,6PM,Positive,0.13,4.7,music_gamerlife,Fitness_Challenge,N/A,Low
241,fashionista,Carousel,1248891,1833,317,293,19.58,2023-01-25,9PM,Neutral,0.13,3.75,gamerlife_fashion,Winter_Sale,N/A,Low
242,techguru,Reels,896141,2772,480,443,41.25,2023-01-25,6PM,Positive,0.13,2.51,art_foodie,Launch_Promo,28s,High
243,beauty_guru,Static,1107671,927,160,148,11.17,2023-01-25,6AM,Positive,0.13,3.19,beauty_music,Fitness_Challenge,N/A,Low
244,foodlover,Reels,879896,3073,532,491,46.58,2023-01-25,12PM,Negative,0.13,3.23,foodie_fitness,Taste_Week,25s,High
245,travelbug,Reels,1331174,3912,678,626,39.2,2023-01-25,9PM,Negative,0.13,2.19,beauty_music,Taste_Week,34s,High
246,gamer,Static,657131,582,101,93,11.83,2023-01-25,12PM,Neutral,0.13,1.53,gamerlife_tech,Taste_Week,N/A,Low
247,lifestyle,Static,947289,933,161,149,13.15,2023-01-25,9PM,Positive,0.13,3.33,gamerlife_fitness,Winter_Sale,N/A,Low
248,musician,Reels,785675,2418,419,386,41.04,2023-01-25,9PM,Neutral,0.13,1.51,art_gamerlife,Winter_Sale,38s,High
249,artist,Reels,569730,1797,311,287,42.07,2023-01-25,9PM,Negative,0.13,2.69,fashion_beauty,Taste_Week,59s,High
250,fitnessfan,Carousel,837762,1495,259,239,23.81,2023-01-25,12PM,Negative,0.13,4.85,gamerlife_travel,Fitness_Challenge,N/A,Medium
251,fashionista,Reels,1249067,3749,649,599,40.02,2023-01-26,6PM,Neutral,0.13,3.58,music_art,Taste_Week,32s,High
252,techguru,Carousel,896245,1678,290,268,24.98,2023-01-26,9PM,Negative,0.13,2.68,beauty_fashion,Winter_Sale,N/A,Medium
253,beauty_guru,Static,1107983,1137,197,182,13.69,2023-01-26,12PM,Positive,0.13,3.3,beauty_art,Fitness_Challenge,N/A,Low
254,foodlover,Static,880074,738,127,118,11.19,2023-01-26,6AM,Negative,0.13,1.04,art_gamerlife,Art_Festival,N/A,Low
255,travelbug,Carousel,1331325,2477,429,396,24.81,2023-01-26,12PM,Positive,0.13,4.83,tech_beauty,Launch_Promo,N/A,Medium
256,gamer,Static,657253,618,107,99,12.57,2023-01-26,6AM,Neutral,0.13,4.46,tech_fashion,Taste_Week,N/A,Low
257,lifestyle,Carousel,947513,1590,275,254,22.4,2023-01-26,9PM,Positive,0.13,2.45,tech_travel,Winter_Sale,N/A,Medium
258,musician,Carousel,785816,1120,194,179,19.02,2023-01-26,6PM,Neutral,0.13,3.06,travel_beauty,Launch_Promo,N/A,Low
259,artist,Reels,569879,2085,361,333,48.81,2023-01-26,9PM,Negative,0.13,2.53,gamerlife_music,Taste_Week,41s,High
260,fitnessfan,Carousel,837905,1389,240,222,22.1,2023-01-26,9PM,Positive,0.13,4.79,fashion_music,Winter_Sale,N/A,Medium
261,fashionista,Reels,1249394,4509,781,721,48.13,2023-01-27,12PM,Neutral,0.13,4.05,beauty_art,Launch_Promo,30s,High
262,techguru,Reels,896365,2597,450,415,38.64,2023-01-27,12PM,Positive,0.13,1.36,foodie_art,Taste_Week,35s,High
263,beauty_guru,Carousel,1108123,1718,297,274,20.68,2023-01-27,6AM,Positive,0.13,1.64,foodie_tech,Winter_Sale,N/A,Medium
264,foodlover,Static,880309,852,147,136,12.92,2023-01-27,6PM,Positive,0.13,3.8,foodie_tech,Art_Festival,N/A,Low
265,travelbug,Carousel,1331654,2336,404,373,23.39,2023-01-27,6AM,Negative,0.13,2.16,foodie_music,Fitness_Challenge,N/A,Medium
266,gamer,Static,657348,647,112,103,13.14,2023-01-27,6PM,Positive,0.13,4.92,travel_fashion,Fitness_Challenge,N/A,Low
267,lifestyle,Reels,947711,2854,494,456,40.16,2023-01-27,6AM,Positive,0.13,1.24,fashion_travel,Art_Festival,15s,High
268,musician,Carousel,785948,1284,222,205,21.79,2023-01-27,6AM,Positive,0.13,3.05,music_beauty,Art_Festival,N/A,Medium
269,artist,Static,569952,473,82,75,11.07,2023-01-27,9PM,Positive,0.13,2.78,fitness_gamerlife,Fitness_Challenge,N/A,Low
270,fitnessfan,Reels,838065,2451,424,392,39.01,2023-01-27,6PM,Negative,0.13,3.2,travel_foodie,Winter_Sale,21s,High
271,fashionista,Static,1249686,1289,223,206,13.76,2023-01-28,6PM,Neutral,0.13,3.19,gamerlife_foodie,Art_Festival,N/A,Low
272,techguru,Static,896557,915,158,146,13.61,2023-01-28,6PM,Positive,0.13,2.21,beauty_gamerlife,Art_Festival,N/A,Low
273,beauty_guru,Static,1108319,1017,176,162,12.25,2023-01-28,9PM,Negative,0.13,1.14,gamerlife_tech,Taste_Week,N/A,Low
274,foodlover,Static,880566,766,132,122,11.61,2023-01-28,6AM,Positive,0.13,2.72,tech_gamerlife,Art_Festival,N/A,Low
275,travelbug,Static,1331792,1113,193,178,11.16,2023-01-28,12PM,Negative,0.13,4.54,fitness_fashion,Taste_Week,N/A,Low
276,gamer,Static,657512,607,105,97,12.33,2023-01-28,12PM,Negative,0.13,4.43,foodie_gamerlife,Taste_Week,N/A,Low
277,lifestyle,Carousel,947940,1596,276,255,22.46,2023-01-28,6AM,Positive,0.13,3.19,tech_fitness,Fitness_Challenge,N/A,Medium
278,musician,Reels,786117,2670,462,427,45.29,2023-01-28,6PM,Negative,0.13,3.84,art_beauty,Art_Festival,59s,High
279,artist,Reels,570038,2070,358,331,48.45,2023-01-28,12PM,Neutral,0.13,3.46,fitness_music,Winter_Sale,7s,High
280,fitnessfan,Carousel,838236,1322,229,211,21.04,2023-01-28,12PM,Positive,0.13,3.64,foodie_gamerlife,Taste_Week,N/A,Medium
281,fashionista,Reels,1249870,4304,746,688,45.92,2023-01-29,6PM,Neutral,0.13,1.05,fashion_music,Fitness_Challenge,56s,High
282,techguru,Static,896802,822,142,131,12.23,2023-01-29,12PM,Neutral,0.13,1.87,gamerlife_fitness,Art_Festival,N/A,Low
283,beauty_guru,Static,1108640,1152,199,184,13.86,2023-01-29,6AM,Negative,0.13,4.39,fashion_gamerlife,Art_Festival,N/A,Low
284,foodlover,Carousel,880822,1488,257,238,22.52,2023-01-29,6AM,Positive,0.13,4.87,music_fashion,Launch_Promo,N/A,Medium
285,travelbug,Reels,1332073,4830,837,772,48.36,2023-01-29,12PM,Positive,0.13,4.34,travel_beauty,Art_Festival,44s,High
286,gamer,Static,657697,687,119,109,13.94,2023-01-29,12PM,Neutral,0.13,2.92,tech_travel,Fitness_Challenge,N/A,Low
287,lifestyle,Reels,948046,2907,504,465,40.9,2023-01-29,6PM,Negative,0.13,1.08,music_fashion,Taste_Week,36s,High
288,musician,Reels,786313,2529,438,404,42.89,2023-01-29,9PM,Neutral,0.13,4.32,travel_fitness,Launch_Promo,42s,High
289,artist,Reels,570188,1715,297,274,40.13,2023-01-29,6AM,Positive,0.13,4.26,tech_gamerlife,Art_Festival,44s,High
290,fitnessfan,Reels,838455,2915,505,466,46.37,2023-01-29,6PM,Neutral,0.13,4.17,foodie_art,Taste_Week,51s,High
291,fashionista,Static,1250052,1127,195,180,12.03,2023-01-30,12PM,Neutral,0.13,2.72,music_gamerlife,Launch_Promo,N/A,Low
292,techguru,Carousel,897013,1651,286,264,24.55,2023-01-30,6AM,Negative,0.13,4.09,tech_music,Fitness_Challenge,N/A,Medium
293,beauty_guru,Carousel,1108916,1829,317,292,22.0,2023-01-30,12PM,Negative,0.13,1.15,fitness_tech,Art_Festival,N/A,Medium
294,foodlover,Carousel,881033,1364,236,218,20.65,2023-01-30,9PM,Neutral,0.13,1.27,fashion_beauty,Winter_Sale,N/A,Medium
295,travelbug,Carousel,1332258,2206,382,353,22.09,2023-01-30,6PM,Negative,0.13,4.26,beauty_fitness,Winter_Sale,N/A,Medium
296,gamer,Carousel,657839,948,164,151,19.23,2023-01-30,12PM,Neutral,0.13,3.49,foodie_travel,Taste_Week,N/A,Low
297,lifestyle,Carousel,948276,1716,297,274,24.15,2023-01-30,12PM,Neutral,0.13,2.87,tech_music,Fitness_Challenge,N/A,Medium
298,musician,Reels,786474,2348,407,375,39.81,2023-01-30,9PM,Neutral,0.13,4.61,gamerlife_fitness,Taste_Week,41s,High
299,artist,Reels,570345,2003,347,320,46.84,2023-01-30,6PM,Neutral,0.13,4.46,travel_gamerlife,Art_Festival,37s,High
300,fitnessfan,Reels,838548,3068,531,490,48.8,2023-01-30,6PM,Neutral,0.13,3.95,gamerlife_tech,Art_Festival,52s,High
301,fashionista,Reels,1250300,3587,621,573,38.26,2023-01-31,9PM,Negative,0.13,3.65,travel_fitness,Art_Festival,23s,High
302,techguru,Reels,897182,2826,489,452,42.01,2023-01-31,6AM,Positive,0.13,4.28,music_beauty,Taste_Week,47s,High
303,beauty_guru,Reels,1109132,3984,690,637,47.9,2023-01-31,12PM,Positive,0.13,2.91,art_travel,Taste_Week,25s,High
304,foodlover,Static,881242,903,156,144,13.67,2023-01-31,6AM,Positive,0.13,3.94,travel_music,Taste_Week,N/A,Low
305,travelbug,Static,1332393,1354,234,216,13.56,2023-01-31,6AM,Positive,0.13,3.29,music_beauty,Launch_Promo,N/A,Low
306,gamer,Carousel,657908,1211,209,193,24.56,2023-01-31,6PM,Neutral,0.13,2.77,foodie_tech,Winter_Sale,N/A,Medium
307,lifestyle,Static,948421,946,164,151,13.31,2023-01-31,9PM,Positive,0.13,1.6,foodie_travel,Fitness_Challenge,N/A,Low
308,musician,Static,786676,706,122,113,11.98,2023-01-31,9PM,Negative,0.13,4.62,fitness_foodie,Fitness_Challenge,N/A,Low
309,artist,Carousel,570423,1004,174,160,23.48,2023-01-31,12PM,Negative,0.13,4.38,fitness_tech,Winter_Sale,N/A,Medium
310,fitnessfan,Reels,838738,2725,472,436,43.33,2023-01-31,6AM,Negative,0.13,5.0,gamerlife_music,Launch_Promo,38s,High
311,fashionista,Static,1250509,1189,206,190,12.69,2023-02-01,6AM,Positive,0.13,2.45,art_travel,Art_Festival,N/A,Low
312,techguru,Static,897421,750,130,120,11.15,2023-02-01,9PM,Negative,0.13,1.68,beauty_gamerlife,Art_Festival,N/A,Low
313,beauty_guru,Reels,1109416,3561,617,569,42.8,2023-02-01,6AM,Neutral,0.13,1.32,fashion_gamerlife,Fitness_Challenge,14s,High
314,foodlover,Reels,881503,2852,494,456,43.14,2023-02-01,6PM,Positive,0.13,2.46,fashion_fitness,Art_Festival,58s,High
315,travelbug,Static,1332603,1326,229,212,13.27,2023-02-01,6PM,Positive,0.13,4.77,music_foodie,Taste_Week,N/A,Low
316,gamer,Static,658051,560,97,89,11.36,2023-02-01,6PM,Neutral,0.13,2.32,foodie_art,Taste_Week,N/A,Low
317,lifestyle,Reels,948518,3353,581,536,47.14,2023-02-01,6PM,Neutral,0.13,4.14,music_foodie,Fitness_Challenge,42s,High
318,musician,Static,786833,744,128,119,12.62,2023-02-01,12PM,Positive,0.13,5.0,music_fitness,Launch_Promo,N/A,Low
319,artist,Reels,570558,2023,350,323,47.29,2023-02-01,6PM,Negative,0.13,2.49,travel_gamerlife,Winter_Sale,46s,High
320,fitnessfan,Static,838846,872,151,139,13.87,2023-02-01,9PM,Neutral,0.13,3.34,beauty_fashion,Launch_Promo,N/A,Low
321,fashionista,Carousel,1250703,1880,325,300,20.05,2023-02-02,12PM,Negative,0.13,2.2,gamerlife_foodie,Taste_Week,N/A,Medium
322,techguru,Static,897652,835,144,133,12.42,2023-02-02,9PM,Neutral,0.13,3.26,beauty_gamerlife,Launch_Promo,N/A,Low
323,beauty_guru,Carousel,1109528,1731,300,276,20.8,2023-02-02,12PM,Negative,0.13,3.53,music_fitness,Winter_Sale,N/A,Medium
324,foodlover,Static,881680,787,136,126,11.91,2023-02-02,12PM,Negative,0.13,3.6,fashion_travel,Winter_Sale,N/A,Low
325,travelbug,Static,1332839,1228,212,196,12.29,2023-02-02,9PM,Neutral,0.13,3.9,travel_gamerlife,Launch_Promo,N/A,Low
326,gamer,Static,658240,611,105,97,12.39,2023-02-02,9PM,Neutral,0.13,3.2,music_fashion,Winter_Sale,N/A,Low
327,lifestyle,Carousel,948769,1619,280,259,22.76,2023-02-02,12PM,Neutral,0.13,3.35,music_fashion,Taste_Week,N/A,Medium
328,musician,Carousel,786939,1304,226,208,22.1,2023-02-02,12PM,Negative,0.13,3.05,fitness_tech,Art_Festival,N/A,Medium
329,artist,Carousel,570726,1041,180,166,24.34,2023-02-02,9PM,Negative,0.13,1.09,fitness_travel,Launch_Promo,N/A,Medium
330,fitnessfan,Static,839062,729,126,116,11.6,2023-02-02,6AM,Neutral,0.13,2.6,fitness_gamerlife,Taste_Week,N/A,Low
331,fashionista,Carousel,1250927,2290,397,366,24.42,2023-02-03,12PM,Negative,0.13,3.93,music_travel,Taste_Week,N/A,Medium
332,techguru,Carousel,897787,1301,225,208,19.33,2023-02-03,9PM,Positive,0.13,1.41,fashion_fitness,Fitness_Challenge,N/A,Low
333,beauty_guru,Static,1109797,1015,176,162,12.21,2023-02-03,6PM,Positive,0.13,2.25,gamerlife_foodie,Art_Festival,N/A,Low
334,foodlover,Reels,881783,2919,505,467,44.14,2023-02-03,6AM,Positive,0.13,1.8,music_gamerlife,Launch_Promo,10s,High
335,travelbug,Reels,1333114,4095,709,655,40.97,2023-02-03,6PM,Neutral,0.13,3.52,tech_fitness,Taste_Week,20s,High
336,gamer,Carousel,658392,1225,212,196,24.83,2023-02-03,6AM,Negative,0.13,1.35,fashion_tech,Fitness_Challenge,N/A,Medium
337,lifestyle,Static,948924,970,168,155,13.64,2023-02-03,6PM,Negative,0.13,2.09,beauty_fitness,Winter_Sale,N/A,Low
338,musician,Static,787155,822,142,131,13.95,2023-02-03,9PM,Neutral,0.13,3.61,foodie_fashion,Fitness_Challenge,N/A,Low
339,artist,Static,570871,555,96,88,12.96,2023-02-03,6AM,Neutral,0.13,4.34,music_tech,Winter_Sale,N/A,Low
340,fitnessfan,Static,839216,768,133,123,12.22,2023-02-03,6AM,Negative,0.13,1.92,fitness_tech,Fitness_Challenge,N/A,Low
341,fashionista,Carousel,1251106,2256,391,360,24.05,2023-02-04,9PM,Positive,0.13,3.27,fashion_tech,Art_Festival,N/A,Medium
342,techguru,Carousel,897977,1599,277,255,23.75,2023-02-04,6PM,Positive,0.13,1.28,fitness_art,Winter_Sale,N/A,Medium
343,beauty_guru,Carousel,1110065,1606,278,257,19.3,2023-02-04,6PM,Positive,0.13,2.94,fitness_art,Launch_Promo,N/A,Low
344,foodlover,Static,881916,890,154,142,13.46,2023-02-04,12PM,Negative,0.13,2.88,fitness_music,Launch_Promo,N/A,Low
345,travelbug,Reels,1333272,4182,725,669,41.83,2023-02-04,12PM,Negative,0.13,4.67,art_fitness,Taste_Week,8s,High
346,gamer,Carousel,658508,1138,197,182,23.06,2023-02-04,12PM,Positive,0.13,1.12,tech_beauty,Taste_Week,N/A,Medium
347,lifestyle,Static,949063,902,156,144,12.68,2023-02-04,6PM,Neutral,0.13,2.16,travel_fitness,Fitness_Challenge,N/A,Low
348,musician,Reels,787375,2497,432,399,42.3,2023-02-04,6PM,Neutral,0.13,1.38,travel_foodie,Launch_Promo,7s,High
349,artist,Reels,570987,2055,356,328,48.01,2023-02-04,9PM,Positive,0.13,1.89,gamerlife_beauty,Taste_Week,40s,High
350,fitnessfan,Static,839397,720,124,115,11.45,2023-02-04,9PM,Negative,0.13,3.41,tech_foodie,Fitness_Challenge,N/A,Low
351,fashionista,Reels,1251446,3786,656,605,40.35,2023-02-05,6PM,Positive,0.13,1.09,gamerlife_tech,Art_Festival,13s,High
352,techguru,Carousel,898097,1490,258,238,22.13,2023-02-05,9PM,Negative,0.13,2.19,art_tech,Art_Festival,N/A,Medium
353,beauty_guru,Carousel,1110294,1665,288,266,20.01,2023-02-05,6PM,Negative,0.13,3.98,fitness_travel,Taste_Week,N/A,Medium
354,foodlover,Static,882017,747,129,119,11.3,2023-02-05,12PM,Positive,0.13,1.34,art_tech,Art_Festival,N/A,Low
355,travelbug,Reels,1333594,3806,659,609,38.06,2023-02-05,12PM,Negative,0.13,2.69,tech_beauty,Taste_Week,34s,High
356,gamer,Static,658698,686,118,109,13.9,2023-02-05,6AM,Neutral,0.13,2.28,travel_art,Launch_Promo,N/A,Low
357,lifestyle,Reels,949252,3355,581,536,47.14,2023-02-05,9PM,Positive,0.13,4.25,music_tech,Fitness_Challenge,54s,High
358,musician,Static,787544,777,134,124,13.16,2023-02-05,6PM,Negative,0.13,4.33,foodie_music,Winter_Sale,N/A,Low
359,artist,Static,571083,517,89,82,12.09,2023-02-05,6AM,Positive,0.13,2.29,music_gamerlife,Fitness_Challenge,N/A,Low
360,fitnessfan,Reels,839627,2841,492,454,45.12,2023-02-05,6AM,Neutral,0.13,1.07,gamerlife_fitness,Taste_Week,19s,High
361,fashionista,Reels,1251596,4300,745,688,45.82,2023-02-06,12PM,Neutral,0.13,1.47,tech_travel,Launch_Promo,16s,High
362,techguru,Reels,898236,2807,486,449,41.68,2023-02-06,12PM,Positive,0.13,3.46,fashion_music,Taste_Week,55s,High
363,beauty_guru,Static,1110534,1160,201,185,13.94,2023-02-06,6PM,Negative,0.13,2.83,fitness_music,Launch_Promo,N/A,Low
364,foodlover,Reels,882109,3165,548,506,47.85,2023-02-06,9PM,Negative,0.13,4.43,foodie_art,Art_Festival,26s,High
365,travelbug,Carousel,1333971,2384,413,381,23.84,2023-02-06,9PM,Positive,0.13,4.06,gamerlife_music,Launch_Promo,N/A,Medium
366,gamer,Reels,658786,2188,379,350,44.3,2023-02-06,6PM,Negative,0.13,1.18,foodie_music,Launch_Promo,41s,High
367,lifestyle,Carousel,949477,1518,263,242,21.32,2023-02-06,9PM,Negative,0.13,2.7,gamerlife_tech,Art_Festival,N/A,Medium
368,musician,Static,787769,705,122,112,11.96,2023-02-06,6AM,Positive,0.13,4.91,beauty_music,Taste_Week,N/A,Low
369,artist,Carousel,571224,1005,174,160,23.48,2023-02-06,6AM,Neutral,0.13,3.29,art_foodie,Taste_Week,N/A,Medium
370,fitnessfan,Static,839876,831,144,133,13.21,2023-02-06,6AM,Neutral,0.13,3.44,foodie_tech,Launch_Promo,N/A,Low
371,fashionista,Static,1251749,1083,187,173,11.54,2023-02-07,9PM,Negative,0.13,1.52,music_foodie,Winter_Sale,N/A,Low
372,techguru,Carousel,898362,1380,239,220,20.49,2023-02-07,12PM,Neutral,0.13,2.6,art_tech,Winter_Sale,N/A,Medium
373,beauty_guru,Reels,1110767,3277,568,524,39.35,2023-02-07,12PM,Positive,0.13,4.61,music_beauty,Fitness_Challenge,52s,High
374,foodlover,Static,882267,854,148,136,12.92,2023-02-07,12PM,Neutral,0.13,4.19,music_foodie,Art_Festival,N/A,Low
375,travelbug,Carousel,1334167,1937,335,309,19.36,2023-02-07,9PM,Neutral,0.13,3.86,fitness_foodie,Launch_Promo,N/A,Low
376,gamer,Reels,658948,2157,373,345,43.65,2023-02-07,6PM,Negative,0.13,1.37,beauty_art,Taste_Week,23s,High
377,lifestyle,Carousel,949682,1676,290,268,23.54,2023-02-07,12PM,Negative,0.13,4.77,beauty_art,Winter_Sale,N/A,Medium
378,musician,Reels,787873,2799,485,447,47.38,2023-02-07,12PM,Positive,0.13,2.23,travel_tech,Art_Festival,40s,High
379,artist,Carousel,571330,1020,176,163,23.82,2023-02-07,12PM,Positive,0.13,2.52,gamerlife_foodie,Winter_Sale,N/A,Medium
380,fitnessfan,Reels,840087,2499,433,399,39.68,2023-02-07,9PM,Positive,0.13,3.05,fashion_foodie,Launch_Promo,5s,High
381,fashionista,Reels,1251938,4564,791,730,48.62,2023-02-08,6PM,Negative,0.13,3.1,gamerlife_fitness,Launch_Promo,13s,High
382,techguru,Reels,898454,2858,495,457,42.43,2023-02-08,9PM,Positive,0.13,4.65,gamerlife_beauty,Winter_Sale,25s,High
383,beauty_guru,Reels,1110916,3196,554,511,38.37,2023-02-08,6PM,Positive,0.13,3.18,fashion_gamerlife,Launch_Promo,57s,High
384,foodlover,Carousel,882482,1293,224,206,19.54,2023-02-08,12PM,Positive,0.13,3.8,beauty_fitness,Winter_Sale,N/A,Low
385,travelbug,Carousel,1334475,1978,342,316,19.77,2023-02-08,9PM,Negative,0.13,2.44,fitness_foodie,Winter_Sale,N/A,Low
386,gamer,Carousel,659076,1007,174,161,20.38,2023-02-08,6AM,Neutral,0.13,1.96,music_art,Fitness_Challenge,N/A,Medium
387,lifestyle,Reels,949922,2780,481,444,39.03,2023-02-08,6PM,Neutral,0.13,1.44,beauty_travel,Launch_Promo,7s,High
388,musician,Reels,788067,2650,459,424,44.85,2023-02-08,6PM,Negative,0.13,2.02,fashion_fitness,Art_Festival,52s,High
389,artist,Carousel,571474,828,143,132,19.34,2023-02-08,9PM,Neutral,0.13,1.25,foodie_gamerlife,Launch_Promo,N/A,Low
390,fitnessfan,Static,840265,798,138,127,12.67,2023-02-08,6PM,Negative,0.13,4.6,foodie_art,Launch_Promo,N/A,Low
391,fashionista,Carousel,1252196,1884,326,301,20.08,2023-02-09,12PM,Negative,0.13,4.29,fitness_music,Art_Festival,N/A,Medium
392,techguru,Carousel,898685,1339,232,214,19.87,2023-02-09,9PM,Negative,0.13,3.73,travel_gamerlife,Launch_Promo,N/A,Low
393,beauty_guru,Static,1111149,1063,184,170,12.77,2023-02-09,6PM,Positive,0.13,2.95,beauty_music,Art_Festival,N/A,Low
394,foodlover,Reels,882701,3207,555,513,48.45,2023-02-09,6AM,Positive,0.13,2.82,gamerlife_travel,Launch_Promo,20s,High
395,travelbug,Carousel,1334783,2487,431,397,24.85,2023-02-09,6AM,Positive,0.13,3.52,beauty_fitness,Fitness_Challenge,N/A,Medium
396,gamer,Carousel,659264,1221,211,195,24.7,2023-02-09,6PM,Neutral,0.13,3.42,art_travel,Launch_Promo,N/A,Medium
397,lifestyle,Static,950042,820,142,131,11.53,2023-02-09,12PM,Negative,0.13,4.03,art_music,Winter_Sale,N/A,Low
398,musician,Reels,788303,2767,479,442,46.82,2023-02-09,6PM,Positive,0.13,3.24,fashion_fitness,Launch_Promo,44s,High
399,artist,Reels,571570,1929,334,308,45.03,2023-02-09,6AM,Negative,0.13,3.59,fashion_tech,Launch_Promo,38s,High
400,fitnessfan,Carousel,840370,1390,241,222,22.07,2023-02-09,9PM,Positive,0.13,1.43,fashion_foodie,Launch_Promo,N/A,Medium
401,fashionista,Carousel,1252513,1994,345,319,21.24,2023-02-10,6PM,Neutral,0.13,1.48,foodie_gamerlife,Fitness_Challenge,N/A,Medium
402,techguru,Reels,898867,3246,562,519,48.16,2023-02-10,12PM,Negative,0.13,3.8,music_tech,Art_Festival,57s,High
403,beauty_guru,Reels,1111445,3512,608,561,42.13,2023-02-10,9PM,Negative,0.13,2.62,fitness_tech,Launch_Promo,30s,High
404,foodlover,Static,882906,880,152,140,13.31,2023-02-10,6AM,Positive,0.13,2.99,tech_travel,Winter_Sale,N/A,Low
405,travelbug,Static,1334922,1263,219,202,12.63,2023-02-10,6AM,Positive,0.13,1.74,foodie_beauty,Art_Festival,N/A,Low
406,gamer,Carousel,659405,1128,195,180,22.83,2023-02-10,9PM,Negative,0.13,2.04,travel_art,Fitness_Challenge,N/A,Medium
407,lifestyle,Reels,950190,2992,518,478,42.0,2023-02-10,9PM,Positive,0.13,3.67,beauty_fitness,Fitness_Challenge,39s,High
408,musician,Carousel,788382,1212,210,194,20.52,2023-02-10,6AM,Neutral,0.13,4.14,beauty_art,Fitness_Challenge,N/A,Medium
409,artist,Static,571651,589,102,94,13.76,2023-02-10,9PM,Positive,0.13,2.22,fashion_travel,Taste_Week,N/A,Low
410,fitnessfan,Static,840460,731,126,117,11.61,2023-02-10,9PM,Negative,0.13,2.77,tech_art,Launch_Promo,N/A,Low
411,fashionista,Carousel,1252855,2149,372,343,22.88,2023-02-11,12PM,Neutral,0.13,3.0,music_fashion,Taste_Week,N/A,Medium
412,techguru,Carousel,899105,1458,252,233,21.63,2023-02-11,6AM,Positive,0.13,2.97,art_foodie,Winter_Sale,N/A,Medium
413,beauty_guru,Static,1111733,1150,199,184,13.8,2023-02-11,12PM,Positive,0.13,2.15,beauty_art,Fitness_Challenge,N/A,Low
414,foodlover,Carousel,883063,1596,276,255,24.1,2023-02-11,9PM,Positive,0.13,2.0,tech_gamerlife,Taste_Week,N/A,Medium
415,travelbug,Static,1335286,1186,205,189,11.85,2023-02-11,6PM,Positive,0.13,1.4,music_travel,Fitness_Challenge,N/A,Low
416,gamer,Carousel,659514,1012,175,162,20.47,2023-02-11,6AM,Neutral,0.13,4.9,art_gamerlife,Taste_Week,N/A,Medium
417,lifestyle,Carousel,950380,1442,249,230,20.24,2023-02-11,6AM,Neutral,0.13,4.17,tech_music,Fitness_Challenge,N/A,Medium
418,musician,Carousel,788578,1246,216,199,21.08,2023-02-11,12PM,Positive,0.13,2.94,tech_travel,Art_Festival,N/A,Medium
419,artist,Static,571811,546,94,87,12.75,2023-02-11,12PM,Positive,0.13,4.39,gamerlife_foodie,Launch_Promo,N/A,Low
420,fitnessfan,Static,840670,781,135,125,12.4,2023-02-11,9PM,Negative,0.13,4.17,gamerlife_fitness,Fitness_Challenge,N/A,Low
421,fashionista,Reels,1252997,3740,648,598,39.8,2023-02-12,12PM,Neutral,0.13,1.34,art_foodie,Art_Festival,32s,High
422,techguru,Reels,899273,3099,537,495,45.97,2023-02-12,9PM,Negative,0.13,3.98,foodie_fitness,Launch_Promo,7s,High
423,beauty_guru,Reels,1111943,3312,574,530,39.73,2023-02-12,6AM,Neutral,0.13,2.56,fashion_foodie,Launch_Promo,57s,High
424,foodlover,Reels,883306,3063,531,490,46.25,2023-02-12,12PM,Positive,0.13,3.69,beauty_foodie,Launch_Promo,32s,High
425,travelbug,Reels,1335465,3927,680,628,39.22,2023-02-12,9PM,Positive,0.13,1.01,fashion_travel,Launch_Promo,41s,High
426,gamer,Carousel,659611,1158,200,185,23.41,2023-02-12,12PM,Negative,0.13,4.86,fitness_beauty,Winter_Sale,N/A,Medium
427,lifestyle,Reels,950546,2798,485,447,39.25,2023-02-12,6PM,Neutral,0.13,4.56,music_tech,Winter_Sale,15s,High
428,musician,Reels,788732,2844,492,455,48.08,2023-02-12,9PM,Neutral,0.13,3.93,fashion_art,Launch_Promo,47s,High
429,artist,Static,571953,593,102,94,13.84,2023-02-12,6PM,Neutral,0.13,3.86,foodie_art,Fitness_Challenge,N/A,Low
430,fitnessfan,Carousel,840921,1355,234,216,21.49,2023-02-12,9PM,Neutral,0.13,3.03,tech_travel,Art_Festival,N/A,Medium
431,fashionista,Reels,1253300,3573,619,571,38.02,2023-02-13,6AM,Negative,0.13,2.63,art_fitness,Fitness_Challenge,16s,High
432,techguru,Reels,899429,3080,533,492,45.67,2023-02-13,12PM,Negative,0.13,1.38,gamerlife_music,Winter_Sale,54s,High
433,beauty_guru,Static,1112164,1036,179,165,12.43,2023-02-13,6PM,Neutral,0.13,1.79,fitness_fashion,Launch_Promo,N/A,Low
434,foodlover,Reels,883548,2650,459,424,40.0,2023-02-13,9PM,Neutral,0.13,3.16,fashion_foodie,Taste_Week,39s,High
435,travelbug,Static,1335691,1286,222,205,12.84,2023-02-13,12PM,Negative,0.13,1.32,tech_beauty,Fitness_Challenge,N/A,Low
436,gamer,Carousel,659713,1064,184,170,21.52,2023-02-13,6PM,Negative,0.13,1.26,music_fitness,Launch_Promo,N/A,Medium
437,lifestyle,Static,950736,982,170,157,13.78,2023-02-13,6PM,Positive,0.13,3.17,fitness_beauty,Taste_Week,N/A,Low
438,musician,Carousel,788953,1234,213,197,20.86,2023-02-13,6AM,Negative,0.13,3.88,beauty_travel,Launch_Promo,N/A,Medium
439,artist,Reels,572118,1783,309,285,41.57,2023-02-13,9PM,Positive,0.13,1.9,travel_beauty,Launch_Promo,9s,High
440,fitnessfan,Reels,841156,2478,429,396,39.29,2023-02-13,6PM,Negative,0.13,4.87,foodie_beauty,Art_Festival,30s,High
441,fashionista,Static,1253428,1107,191,177,11.78,2023-02-14,6AM,Neutral,0.13,3.62,gamerlife_beauty,Winter_Sale,N/A,Low
442,techguru,Reels,899696,2914,505,466,43.2,2023-02-14,6AM,Positive,0.13,3.48,gamerlife_fitness,Art_Festival,50s,High
443,beauty_guru,Carousel,1112435,1740,301,278,20.87,2023-02-14,9PM,Neutral,0.13,3.75,fitness_foodie,Fitness_Challenge,N/A,Medium
444,foodlover,Carousel,883727,1614,279,258,24.35,2023-02-14,6AM,Negative,0.13,2.95,travel_music,Art_Festival,N/A,Medium
445,travelbug,Static,1336029,1152,199,184,11.51,2023-02-14,12PM,Positive,0.13,4.07,beauty_gamerlife,Winter_Sale,N/A,Low
446,gamer,Carousel,659819,1044,181,167,21.12,2023-02-14,9PM,Positive,0.13,3.6,beauty_fitness,Taste_Week,N/A,Medium
447,lifestyle,Reels,950983,3312,574,529,46.44,2023-02-14,12PM,Positive,0.13,2.41,music_art,Fitness_Challenge,9s,High
448,musician,Carousel,789086,1168,202,186,19.75,2023-02-14,6PM,Positive,0.13,2.55,fitness_beauty,Fitness_Challenge,N/A,Low
449,artist,Reels,572277,1673,290,267,38.99,2023-02-14,6PM,Positive,0.13,1.74,beauty_music,Taste_Week,21s,High
450,fitnessfan,Static,841298,696,120,111,11.05,2023-02-14,6AM,Positive,0.13,3.35,tech_music,Taste_Week,N/A,Low
451,fashionista,Reels,1253563,3942,683,630,41.94,2023-02-15,6AM,Negative,0.13,2.07,fashion_art,Launch_Promo,22s,High
452,techguru,Carousel,899867,1619,280,259,23.99,2023-02-15,6PM,Neutral,0.13,2.27,tech_fashion,Fitness_Challenge,N/A,Medium
453,beauty_guru,Static,1112694,932,161,149,11.17,2023-02-15,6AM,Positive,0.13,4.27,fitness_tech,Taste_Week,N/A,Low
454,foodlover,Carousel,883973,1403,243,224,21.18,2023-02-15,12PM,Neutral,0.13,3.04,gamerlife_travel,Winter_Sale,N/A,Medium
455,travelbug,Reels,1336259,4067,704,650,40.59,2023-02-15,6AM,Neutral,0.13,2.42,beauty_fitness,Taste_Week,22s,High
456,gamer,Reels,659950,1978,342,316,39.98,2023-02-15,6PM,Negative,0.13,1.93,art_travel,Launch_Promo,54s,High
457,lifestyle,Static,951154,917,158,146,12.86,2023-02-15,12PM,Neutral,0.13,1.14,beauty_fitness,Fitness_Challenge,N/A,Low
458,musician,Carousel,789317,1167,202,186,19.74,2023-02-15,6AM,Negative,0.13,3.8,music_art,Fitness_Challenge,N/A,Low
459,artist,Static,572434,554,96,88,12.91,2023-02-15,12PM,Negative,0.13,1.51,music_beauty,Launch_Promo,N/A,Low
460,fitnessfan,Reels,841444,2991,518,478,47.4,2023-02-15,6PM,Positive,0.13,2.87,fashion_art,Winter_Sale,25s,High
461,fashionista,Reels,1253792,4533,785,725,48.21,2023-02-16,6PM,Negative,0.13,3.54,music_art,Fitness_Challenge,14s,High
462,techguru,Carousel,900001,1432,248,229,21.22,2023-02-16,6PM,Positive,0.13,4.22,music_foodie,Winter_Sale,N/A,Medium
463,beauty_guru,Static,1112930,1165,202,186,13.97,2023-02-16,9PM,Negative,0.13,2.13,fashion_fitness,Fitness_Challenge,N/A,Low
464,foodlover,Carousel,884219,1328,230,212,20.03,2023-02-16,12PM,Positive,0.13,2.73,travel_music,Fitness_Challenge,N/A,Medium
465,travelbug,Reels,1336655,4730,819,756,47.19,2023-02-16,6AM,Negative,0.13,2.65,gamerlife_tech,Launch_Promo,29s,High
466,gamer,Static,660033,568,98,90,11.49,2023-02-16,12PM,Neutral,0.13,3.29,foodie_tech,Taste_Week,N/A,Low
467,lifestyle,Static,951258,795,137,127,11.16,2023-02-16,6AM,Negative,0.13,1.92,tech_beauty,Taste_Week,N/A,Low
468,musician,Reels,789531,2613,453,418,44.14,2023-02-16,12PM,Neutral,0.13,4.75,fitness_fashion,Art_Festival,57s,High
469,artist,Static,572547,543,94,86,12.65,2023-02-16,6AM,Positive,0.13,1.11,foodie_travel,Winter_Sale,N/A,Low
470,fitnessfan,Carousel,841589,1436,248,229,22.76,2023-02-16,12PM,Negative,0.13,4.52,tech_gamerlife,Winter_Sale,N/A,Medium
471,fashionista,Carousel,1253969,2293,397,366,24.39,2023-02-17,6PM,Neutral,0.13,4.66,beauty_travel,Winter_Sale,N/A,Medium
472,techguru,Carousel,900115,1371,237,219,20.32,2023-02-17,6AM,Neutral,0.13,2.13,beauty_music,Launch_Promo,N/A,Medium
473,beauty_guru,Carousel,1113212,2048,355,327,24.54,2023-02-17,6AM,Positive,0.13,3.27,fashion_music,Art_Festival,N/A,Medium
474,foodlover,Carousel,884412,1356,235,216,20.45,2023-02-17,6PM,Neutral,0.13,3.06,tech_art,Winter_Sale,N/A,Medium
475,travelbug,Static,1336991,1141,197,182,11.39,2023-02-17,6PM,Neutral,0.13,2.05,travel_gamerlife,Fitness_Challenge,N/A,Low
476,gamer,Static,660146,573,99,91,11.59,2023-02-17,12PM,Positive,0.13,3.36,art_beauty,Art_Festival,N/A,Low
477,lifestyle,Carousel,951532,1536,266,245,21.52,2023-02-17,12PM,Neutral,0.13,2.19,fitness_travel,Fitness_Challenge,N/A,Medium
478,musician,Carousel,789722,1163,201,186,19.65,2023-02-17,6AM,Positive,0.13,3.06,beauty_travel,Taste_Week,N/A,Low
479,artist,Reels,572620,1845,319,295,43.0,2023-02-17,6PM,Positive,0.13,3.59,travel_foodie,Fitness_Challenge,60s,High
480,fitnessfan,Carousel,841740,1355,234,216,21.47,2023-02-17,6AM,Negative,0.13,2.02,travel_foodie,Winter_Sale,N/A,Medium
481,fashionista,Static,1254229,1164,201,186,12.39,2023-02-18,6PM,Neutral,0.13,1.15,gamerlife_beauty,Fitness_Challenge,N/A,Low
482,techguru,Static,900317,801,138,128,11.88,2023-02-18,9PM,Negative,0.13,2.34,beauty_music,Art_Festival,N/A,Low
483,beauty_guru,Reels,1113437,3267,566,522,39.12,2023-02-18,12PM,Negative,0.13,1.81,fashion_gamerlife,Fitness_Challenge,36s,High
484,foodlover,Carousel,884556,1404,243,224,21.18,2023-02-18,6AM,Negative,0.13,4.88,travel_foodie,Winter_Sale,N/A,Medium
485,travelbug,Static,1337359,1224,212,195,12.21,2023-02-18,6PM,Neutral,0.13,4.09,foodie_music,Winter_Sale,N/A,Low
486,gamer,Carousel,660232,1221,211,195,24.68,2023-02-18,6PM,Negative,0.13,4.35,fitness_beauty,Art_Festival,N/A,Medium
487,lifestyle,Static,951768,890,154,142,12.48,2023-02-18,6PM,Negative,0.13,3.2,beauty_gamerlife,Winter_Sale,N/A,Low
488,musician,Reels,789810,2671,463,427,45.11,2023-02-18,12PM,Neutral,0.13,1.05,fitness_beauty,Launch_Promo,7s,High
489,artist,Carousel,572756,842,145,134,19.61,2023-02-18,6AM,Positive,0.13,1.75,beauty_music,Winter_Sale,N/A,Low
490,fitnessfan,Static,841968,840,145,134,13.31,2023-02-18,12PM,Neutral,0.13,3.35,fashion_art,Winter_Sale,N/A,Low
491,fashionista,Carousel,1254417,1992,345,318,21.18,2023-02-19,6PM,Neutral,0.13,4.47,foodie_tech,Taste_Week,N/A,Medium
492,techguru,Carousel,900414,1543,267,246,22.86,2023-02-19,6PM,Negative,0.13,2.88,art_music,Fitness_Challenge,N/A,Medium
493,beauty_guru,Static,1113726,1011,175,161,12.12,2023-02-19,6PM,Neutral,0.13,4.56,art_music,Art_Festival,N/A,Low
494,foodlover,Carousel,884734,1503,260,240,22.67,2023-02-19,9PM,Negative,0.13,1.58,music_fitness,Launch_Promo,N/A,Medium
495,travelbug,Static,1337625,1153,199,184,11.5,2023-02-19,9PM,Positive,0.13,2.9,gamerlife_beauty,Winter_Sale,N/A,Low
496,gamer,Static,660420,579,100,92,11.71,2023-02-19,12PM,Negative,0.13,4.05,fashion_foodie,Art_Festival,N/A,Low
497,lifestyle,Carousel,951922,1360,235,217,19.06,2023-02-19,6AM,Neutral,0.13,4.28,fitness_beauty,Taste_Week,N/A,Low
498,musician,Reels,789976,2901,502,464,48.97,2023-02-19,12PM,Negative,0.13,2.19,beauty_travel,Art_Festival,53s,High
499,artist,Carousel,572912,956,165,153,22.26,2023-02-19,9PM,Negative,0.13,1.28,foodie_beauty,Fitness_Challenge,N/A,Medium
500,fitnessfan,Static,842099,717,124,114,11.37,2023-02-19,6AM,Positive,0.13,1.32,beauty_tech,Winter_Sale,N/A,Low
